total_data,buffer_clear_count,actual_docs_per_second,overall_time_taken,buffer_clear_time,transfer_time_taken,overall_docs_per_second
100,0,37.8648467306734,2.640972,0,2.640972,37.8648467306734
1000,0,259.2646942154417,3.857062,0,3.857062,259.2646942154417
10000,0,4489.513170660313,2.227413,0,2.227413,4489.513170660313
100000,0,11464.998677512403,8.722199,0,8.722199,11464.998677512403
503911,5,10895.387814257994,46.249937,5.2430330000000005,41.006904000000006,12288.442941217896
1007822,10,8990.985605155685,112.092494,10.768736999999998,101.323757,9946.55182397155
1511733,15,10234.489533700988,147.709663,15.872269999999999,131.83739300000002,11466.648161041836
2015644,20,11197.915282131278,180.001719,20.859855,159.141864,12665.705612195166
