total_data,buffer_clear_count,actual_docs_per_second,overall_time_taken,buffer_clear_time,transfer_time_taken,overall_docs_per_second
100,0,22.771298963700957,4.391493,0,4.391493,22.771298963700957
1000,0,255.82003367614922,3.908998,0,3.908998,255.82003367614922
10000,0,308.2374992124532,32.442516,0,32.442516,308.2374992124532
100000,0,214.1089155309989,467.052013,0,467.052013,214.1089155309989
503911,1,1663.6121721418908,302.901727,1.090955,301.810772,1669.6256288692043
1007822,1,3323.442159200425,303.246439,1.060691,302.185748,3335.1076504110974
1511733,1,5084.134843971469,297.343215,1.075765,296.26745,5102.595644577223
2015644,1,6667.436468186616,302.311692,1.080089,301.231603,6691.343072658947