total_data,buffer_clear_count,actual_docs_per_second,overall_time_taken,buffer_clear_time,transfer_time_taken,overall_docs_per_second
100,0,22.771298963700957,4.391493,0,4.391493,22.771298963700957
1000,0,255.82003367614922,3.908998,0,3.908998,255.82003367614922
10000,0,308.2374992124532,32.442516,0,32.442516,308.2374992124532
100000,0,214.1089155309989,467.052013,0,467.052013,214.1089155309989
100000,0,177.51833906457207,563.32208,0,563.32208,177.51833906457207
