"total_data","overall_time_taken","overall_docs_per_second",dataset_size_bytes
100,0.009375,10666.666666666668
1000,0.086038,11622.771333596782
10000,0.945018,10581.809023743463
100000,8.746337,11433.357758796625
503911,55.40194,9095.547917636097
1007822,111.376181,9048.810894315005
1511733,177.066464,8537.658491898273
2015644,242.756747,8303.14306361998

