"total_data","overall_time_taken","overall_docs_per_second"
100,0.014316,6985.191394244202
1000,0.111114,8999.76600608384
10000,1.242812,8046.269266791759
100000,12.499097,8000.5779617519565
503911,73.779528,6829.956949575498
1007822,152.195545,6621.888965278188
1511733,227.676212,6639.837279091766
2015644,297.812158,6768.172305443621
2519555,376.120357,6698.799873786145